lat_values,lng_values,city,country,Temp,Humidity,Cloudiness,Wind Speed,Lat,Longitude
40.254689634062544,90.89909730233279,hami,cn,87.6,17,30,4.68,42.84,93.51
22.464995597731303,108.33168144409018,pumiao,cn,82.4,83,0,4.47,22.75,108.49
15.02714380289811,-174.2702708115224,kapaa,us,82.36,70,1,10.29,22.08,-159.32
68.00413758855089,8.18816354510355,sistranda,no,45.61,87,75,19.46,63.73,8.83
-46.52472189152373,-141.615642899795,rikitea,pf,66.72,87,100,24.29,-23.12,-134.97
-36.50549353359541,138.64621424814322,victor harbor,au,53.29,93,75,4.7,-35.55,138.62
-88.97534058561774,133.67467721011087,hobart,au,46.4,70,20,9.17,-42.88,147.33
12.977830412360191,102.74426745316845,bo rai,th,84.31,90,100,2.59,12.57,102.54
-22.683982301921404,-8.923013208314359,jamestown,sh,69.6,74,100,19.42,-15.94,-5.72
83.03352342074177,-165.3502115552855,barrow,us,87.4,55,1,8.05,39.51,-90.4
54.200680318469864,123.82603346355882,skovorodino,ru,59.88,68,76,1.52,53.99,123.94
-57.77350602513394,75.99770486266982,souillac,mu,67.28,93,75,4.7,-20.52,57.52
40.04832080143515,-91.31435804542221,quincy,us,83.93,70,1,5.82,30.59,-84.58
-10.130634775994622,148.69385124904574,popondetta,pg,70.86,82,96,2.46,-8.77,148.24
-17.814293829063033,-71.31158924680146,ilo,pe,60.24,84,100,6.73,-17.65,-71.34
69.46033646587114,118.60776277410082,saskylakh,ru,49.44,57,42,5.64,71.97,114.09
51.11992077796549,71.77863090642643,astana,kz,55.4,100,40,6.71,51.13,71.43
-47.426611651328415,-146.59914322141907,mataura,pf,,,,,,
66.3125527120678,163.74350234440868,bilibino,ru,56.46,56,86,3.44,68.06,166.44
13.738390012156188,-88.43139451681392,sesori,sv,91.54,49,0,4.7,13.72,-88.36
19.876154282053506,164.36536642908078,butaritari,ki,84.72,68,43,7.43,3.07,172.79
48.16581589344926,93.68060282168625,ulaangom,mn,57.9,59,78,8.77,49.98,92.07
84.31126249299521,-11.551479582360031,illoqqortoormiut,gl,,,,,,
-69.52811271508529,86.67735525306534,busselton,au,41.92,79,5,18.7,-33.64,115.35
54.50053700106119,69.35496887856098,petropavl,kz,60.8,93,90,15.66,54.87,69.13
20.51519037438493,152.96968446486267,katsuura,jp,73.65,94,75,3.36,33.93,134.5
-4.016626825282316,16.26439798339507,kinshasa,cd,69.8,88,20,4.7,-4.32,15.31
59.93048639027637,170.25212882826315,tilichiki,ru,58.26,63,87,11.34,60.47,166.1
47.495433729028235,136.18354755936826,mukhen,ru,70.86,72,6,3.4,48.19,136.14
73.75852226080184,129.14863661462306,tiksi,ru,37.38,93,100,11.16,71.64,128.87
35.512852010219305,94.69081880746177,yumen,cn,80.76,19,30,5.21,40.29,97.04
72.72661718233672,-133.49472702274633,tuktoyaktuk,ca,50,76,75,17.22,69.44,-133.03
20.63977537762301,-128.6112321158068,san quintin,mx,,,,,,
10.113232666315284,96.41309578020923,ranong,th,84.2,79,75,4.7,9.96,98.62
-18.681319548539932,21.824547527894765,shakawe,bw,44.94,30,0,6.55,-18.36,21.84
42.83242898520322,110.5902431414026,erenhot,cn,74.28,28,0,5.88,43.65,111.97
-16.781805475651083,32.517793279313906,mutoko,zw,54.66,53,10,4.47,-17.4,32.23
41.59940323099255,126.9681493074761,linjiang,cn,64.2,79,21,5.39,41.81,126.91
-17.36030788202649,-81.05733817445484,pisco,pe,66.04,30,1,13.87,-13.71,-76.2
-15.106157935632538,18.667017492401357,menongue,ao,46.38,45,0,3.91,-14.66,17.68
-49.0676368863074,10.74649542581966,hermanus,za,57.97,76,99,1.01,-34.42,19.24
73.07611486003313,-50.71750714397757,ilulissat,gl,53.6,37,75,16.11,69.22,-51.1
-80.95511696636835,-118.16657824337645,punta arenas,cl,33.37,92,90,10.29,-53.16,-70.91
-17.67197695546372,-73.37986164355738,camana,pe,,,,,,
53.93364093769608,81.98561354547792,suzun,ru,60.24,83,53,3.98,53.78,82.32
74.11435748465266,45.810193750866034,belushya guba,ru,,,,,,
-23.609064590529115,92.89286352372284,carnarvon,au,55.4,93,75,5.82,-24.87,113.63
-37.781847158041884,-34.67335795611069,arraial do cabo,br,69.8,94,95,4.7,-22.97,-42.02
12.642677798812286,-79.28578827764427,san andres,co,84.2,74,40,2.24,8.22,-76.58
33.70971367133272,-110.03637705308284,show low,us,86.83,17,1,13.87,34.25,-110.03
-27.581620779845302,164.24660942092322,noumea,nc,75.2,69,0,2.24,-22.28,166.46
38.83354449740682,-18.103057284347045,camacha,pt,69.03,68,20,14.99,33.08,-16.33
30.618927323870736,57.05048905086022,kerman,ir,77,22,0,4.7,30.29,57.06
-46.93912781547188,-163.31878473614847,avarua,ck,71.6,64,8,13.87,-21.21,-159.78
-6.314954789006393,146.62463027123187,lae,pg,75.2,88,75,14.99,-6.72,146.98
-72.5101794198588,32.05613397325618,port elizabeth,za,64.4,59,0,18.34,-33.92,25.57
-67.18467913817365,-74.96898585876966,ushuaia,ar,32,94,75,10.29,-54.81,-68.31
75.25052525741015,-80.17193481089338,qaanaaq,gl,48.9,47,0,2.59,77.48,-69.36
-33.112426904941074,-168.56547151072857,vaini,to,73.4,94,90,16.11,-21.2,-175.2
60.191055732408955,35.101681471893926,nikolskoye,ru,56.46,82,40,2.24,59.7,30.79
23.822643493513297,-79.81665326507718,sagua la grande,cu,87.8,55,40,9.17,22.81,-80.07
-19.619119253824508,-40.97633948786452,baixo guandu,br,67.62,62,19,2.73,-19.51,-41.02
26.221167978719677,-78.58686894705903,freeport,bs,86,74,75,5.82,26.54,-78.7
16.990080030417644,123.44824000389832,dicabisagan,ph,80.94,78,100,1.36,17.08,122.42
50.03791978717459,-19.777738173354237,dingle,ie,57.36,80,3,12.08,52.14,-10.27
-34.97212484967833,-42.76262439416351,cidreira,br,53.76,68,11,5.5,-30.17,-50.22
-11.87248116694083,56.263295353584795,sambava,mg,64.92,95,37,3.29,-14.27,50.17
-12.725101907400372,18.605741820677082,camacupa,ao,48.9,47,16,3.38,-12.02,17.48
-50.188361805799616,-45.97615973651017,mar del plata,ar,33.24,87,88,10.11,-46.43,-67.52
4.761374069715117,-80.05154877300053,bajo baudo,co,,,,,,
0.21545239760236257,91.11002878500472,meulaboh,id,81.48,75,100,3.78,4.14,96.13
-42.2735270675579,25.209858036369866,kruisfontein,za,58.08,56,54,7.99,-34,24.73
37.86758726876225,-8.083073677498192,aljustrel,pt,62.28,77,0,8.05,37.88,-8.16
-87.1380634084547,25.70538353565209,bredasdorp,za,62.85,59,67,17.22,-34.53,20.04
-42.74657226846014,165.07997432293917,te anau,nz,46.02,92,44,2.1,-45.41,167.72
-19.615443352885265,-42.0337239881635,inhapim,br,68,88,0,1.12,-19.55,-42.12
-76.23330016107757,161.28493269492725,bluff,nz,55.99,76,60,1.01,-46.6,168.33
-57.78557420723165,36.10134917828111,port alfred,za,66,52,61,3,-33.59,26.89
-29.965357271735883,-47.611304366859315,laguna,br,,,,,,
54.338804739263026,74.17029949586384,novovarshavka,ru,61.14,74,100,8.3,54.17,74.7
31.245728057101843,152.14321229621567,hasaki,jp,77.11,83,75,8.05,35.73,140.83
86.22611434587284,160.6914694415217,cherskiy,ru,51.42,56,50,17.78,68.75,161.3
-3.735680268384371,50.75326451522156,victoria,sc,78.8,88,40,10.29,-4.62,55.45
-0.9926386744673721,146.52170136503923,lorengau,pg,83.1,75,45,9.31,-2.02,147.27
67.22652091243307,-100.96463820257115,thompson,ca,60.8,59,75,12.75,55.74,-97.86
76.08722887453064,-172.84634054816095,mys shmidta,ru,,,,,,
-57.95699532762706,139.52163635754704,new norfolk,au,46.4,70,20,9.17,-42.78,147.06
-19.910313955278838,31.354602792928915,masvingo,zw,50.7,42,0,3.02,-20.08,30.83
-16.765712091333597,-67.42091024463593,viloco,bo,48.36,27,0,15.77,-16.87,-67.5
-34.67401680267259,163.27026613643773,ahipara,nz,62.4,87,98,17.29,-35.17,173.16
18.297463921474474,-153.79571744661231,hilo,us,81.07,45,1,13.87,19.71,-155.08
78.48536193192231,-115.79247188947204,yellowknife,ca,54.19,87,90,11.41,62.45,-114.38
29.95535076331386,76.30169301672089,kaithal,in,93.36,23,4,3.42,29.8,76.4
-16.776845318547814,129.17642193452377,kununurra,au,68,45,17,3.36,-15.77,128.74
35.61046200890988,159.1938545564542,sentyabrskiy,ru,,,,,,
18.40195865277836,-48.310990017978725,bathsheba,bb,82.4,69,20,11.41,13.22,-59.52
52.26357810763045,79.20779974805203,klyuchi,ru,59.88,72,94,8.97,52.25,79.17
-0.14676060347625253,100.69627271389089,payakumbuh,id,66.72,90,100,2.64,-0.23,100.63
-16.45001972584849,-19.56245272666331,georgetown,sh,76.44,77,51,19.6,-7.93,-14.42
-27.63434510826037,-33.731793484461264,sao joao da barra,br,73.4,88,0,2.66,-21.64,-41.05
31.345778060345083,-78.08934390290841,mount pleasant,us,88.54,84,1,8.3,32.79,-79.86
33.45758799516602,-30.141803589189493,ribeira grande,pt,69.8,94,40,9.17,38.52,-28.7
78.71313350720152,-58.12245188468546,upernavik,gl,40.44,83,0,9.17,72.79,-56.15
89.47151949918648,21.418536030525075,longyearbyen,sj,48.2,76,75,11.41,78.22,15.64
-17.831131647295493,150.22478817286446,bowen,au,69.85,72,0,5.82,-20.01,148.25
24.907514841335143,-65.83731526055699,cockburn town,tc,82.38,78,43,9.55,21.46,-71.14
-22.516900646341753,152.4647072408199,gladstone,au,69.13,60,0,5.82,-23.84,151.26
45.50521130149389,-146.75351246819707,kodiak,us,89.71,52,20,10.29,39.95,-94.76
31.54739158629556,-110.14830802060004,sierra vista,us,94.17,23,1,18.34,31.55,-110.3
85.02853575247676,69.00934725284628,dikson,ru,37.38,91,100,7.11,73.51,80.55
-7.978923002709806,-46.728415609191984,santa luzia,br,66.2,48,0,3.36,-19.77,-43.85
-11.66146821912649,-169.70377919803425,samusu,ws,,,,,,
87.9163630200888,5.35330661208306,barentsburg,sj,,,,,,
85.05991245562598,40.424731732033166,tumannyy,ru,,,,,,
-26.268942979717373,45.62408305538705,tsihombe,mg,,,,,,
66.80959322428043,61.34331124887589,verkhnyaya inta,ru,66.18,54,50,14.38,65.99,60.32
23.850982062450925,-10.999264857473122,atar,mr,96.78,15,29,10.27,20.52,-13.05
41.31787752003288,139.37140221505803,kizukuri,jp,68.56,72,75,8.05,40.81,140.39
4.9743791471621535,56.790629384349586,bandarbeyla,so,79.14,60,78,27.83,9.49,50.81
22.76882238857256,-16.751986541357923,nouadhibou,mr,68,82,0,20.8,20.93,-17.03
34.543245439114955,106.98691665555765,guozhen,cn,77.34,79,92,7.25,29.3,113.14
-19.18470889624338,143.90580942217548,ingham,au,69.78,67,23,2.68,-18.65,146.16
-17.70443885246536,-70.87328791524808,ilabaya,pe,53.22,89,38,1.72,-17.42,-70.51
5.5326487086693135,-30.316891294584053,sao filipe,cv,73.74,81,97,17.76,14.9,-24.5
24.49221246043524,57.05467304834434,nizwa,om,82.2,27,34,4.23,22.93,57.53
-7.61705771223825,66.54076721785668,hithadhoo,mv,83.64,74,100,9.64,-0.6,73.08
15.77588567750422,9.755208182308593,tanout,ne,95.34,14,65,7.25,14.97,8.88
22.244458955675725,81.8440795672467,takhatpur,in,79.5,83,100,8.32,22.13,81.87
-37.47093047255148,34.41915382450517,umzimvubu,za,,,,,,
24.959809813022318,-46.60684802752806,codrington,ag,,,,,,
-11.667102406439966,-109.57169165976586,puerto ayora,ec,72.43,73,75,19.46,-0.74,-90.35
34.354624502426375,101.10904769701887,xining,cn,54.12,71,100,2.15,36.62,101.77
21.49069960765462,19.514717909652234,faya,td,,,,,,
61.902555852509664,-85.7423909634919,attawapiskat,ca,,,,,,
-75.42443117775791,58.98480735243618,taolanaro,mg,,,,,,
46.02214915792547,-89.71479917853631,merrill,us,73.4,20,1,13.87,42.03,-121.6
43.878129499148116,-31.963512355375684,lagoa,pt,65.71,68,0,6.93,37.14,-8.45
11.245561988617723,71.55255210169688,kavaratti,in,83.82,77,100,18.39,10.57,72.64
43.3498435160208,-18.7296390382416,vila franca do campo,pt,68,100,20,11.41,37.72,-25.43
-26.591021566974867,-78.98065683529965,coquimbo,cl,51.8,87,0,5.82,-29.95,-71.34
5.650982591292973,-128.30660592247526,atuona,pf,80.22,78,5,13.09,-9.8,-139.03
23.48595546497741,-63.150288264839645,the valley,ai,82.04,74,20,8.05,18.22,-63.06
-19.014074083109676,-173.34272711333426,neiafu,to,78.8,83,75,11.41,-18.65,-173.98
-74.82385441704625,54.29528419494372,east london,za,59.52,33,46,9.62,-33.02,27.91
62.04378882998711,11.325057470529515,svarstad,no,50.5,53,17,9.17,59.4,9.97
28.034571653284132,-3.549079046104879,adrar,dz,100.4,15,33,5.82,27.87,-0.29
-19.361886217508157,57.04407377891914,grand baie,mu,67.08,93,75,4.7,-20.02,57.58
-12.942097623904374,49.89047656924774,ambilobe,mg,69.42,85,13,3.85,-13.19,49.05
2.3314268892537626,-53.251236029251004,camopi,gf,69.96,98,96,1.32,3.17,-52.33
-13.277147617601699,63.98474992673542,grand gaube,mu,67.08,93,75,4.7,-20.01,57.66
-9.364665271901458,10.488054920689962,luanda,ao,69.8,88,75,2.24,-8.83,13.24
-19.030399168164564,5.452985948407473,namibe,ao,69.6,76,0,3.94,-15.19,12.15
53.01347885938577,23.644643558386804,hajnowka,pl,51.84,78,17,7.99,52.74,23.58
-41.06994690342791,-90.16214057275961,ancud,cl,42.8,87,40,2.24,-41.87,-73.83
39.20161033943353,68.42400373544325,ayni,tj,50.88,92,44,5.48,39.39,68.54
-45.00704213288215,-73.59342460187217,coihaique,cl,34.34,93,90,1.54,-45.58,-72.07
55.845171234515846,61.471875679042114,kunashak,ru,59,100,40,6.71,55.7,61.55
21.734305128503337,-27.423673667375596,ponta do sol,cv,77,69,20,12.75,17.2,-25.09
-55.42562677406764,-108.77579840670256,castro,cl,42.8,87,40,2.24,-42.48,-73.76
-12.08192056017829,-91.40825316770615,san cristobal,ec,78.42,70,43,1.63,-1.02,-79.44
-17.162695120140327,91.32941206851848,bengkulu,id,,,,,,
77.33022760264967,-63.70696477512264,narsaq,gl,50,61,74,6.93,60.91,-46.05
57.41269628464565,-20.733688268209335,vestmannaeyjar,is,50.16,94,100,15.21,63.44,-20.27
46.119172277242114,163.11070606546247,petropavlovsk-kamchatskiy,ru,50,93,90,6.71,53.05,158.65
31.691048505780316,87.61068232754741,lasa,cn,,,,,,
-30.895475424749932,-63.93109073055368,cordoba,ar,50.7,29,0,3.27,-27.78,-67.24
57.84589225978743,-159.97557517549666,bethel,us,57.63,71,75,27.51,60.79,-161.76
27.72373646377828,93.95367559379508,ziro,in,61.86,95,65,1.7,27.54,93.82
23.019793207345984,134.21115113579782,naze,jp,82.4,94,75,20.8,28.37,129.48
-9.443762004750809,40.35887020322397,mtwara,tz,65.1,99,15,4.54,-10.28,40.18
-70.61749502706428,121.80760765429812,albany,au,37.4,93,1,5.82,-35.02,117.88
4.092091026444265,50.08473414998514,hobyo,so,76.08,76,38,22.7,5.35,48.53
64.55773264913691,-179.96441825033452,egvekinot,ru,58.8,51,98,6.31,66.32,-179.17
44.047376956763145,103.72701694030025,hovd,mn,56.82,37,0,1.16,48.01,91.64
7.854491085195264,96.62841655435,kathu,th,84.2,70,40,13.87,7.91,98.33
23.605974395312344,-90.5095308791212,progreso,mx,60.6,85,80,7.7,20.25,-99.19
-27.997132649669766,71.3127756335953,bambous virieux,mu,67.23,93,75,4.7,-20.34,57.76
8.779017831094876,93.87877391987354,port blair,in,83.46,78,100,24.02,11.67,92.75
85.60395484264174,-116.23776184356545,norman wells,ca,60.8,72,75,10.29,65.28,-126.83
-34.301922285044526,156.15388950789185,nelson bay,au,54.28,81,20,10.29,-32.72,152.14
7.024505298571015,91.2582081658582,sabang,id,79.86,80,100,10.16,1.17,120.82
46.334391779678356,56.94632257430027,beyneu,kz,72.84,56,10,26.57,45.32,55.19
18.65025257323653,-54.78122877368445,saint-francois,gp,82.4,69,0,6.93,16.25,-61.27
29.495747683796722,13.467815970322562,mizdah,ly,73.2,57,0,15.79,31.45,12.98
-31.150775046294058,114.60495525956367,perth,au,48.7,87,0,8.05,-31.95,115.86
0.31788901413263204,-17.437749568653345,bonthe,sl,77.7,91,99,8.55,7.53,-12.5
-12.175534409389542,42.59812094168288,moroni,km,77.16,75,0,19.3,-11.7,43.26
10.401443158186396,-15.728671557032385,bubaque,gw,80.4,87,64,14.29,11.28,-15.83
72.87194407676327,-36.68232011060189,tasiilaq,gl,41,80,100,42.5,65.61,-37.64
57.54017050768908,-26.11645319227378,grindavik,is,52.75,87,75,13.87,63.84,-22.43
50.41101775913148,55.11005644924174,sol-iletsk,ru,56.1,81,1,7.56,51.16,55
11.523918973022433,-40.72592623282293,cayenne,gf,75.2,94,98,4.7,4.94,-52.33
88.1154317681623,140.6766394652363,nizhneyansk,ru,,,,,,
-62.01806914708891,-7.514807151258168,cape town,za,56.5,93,75,17.22,-33.93,18.42
-10.755669442054199,162.04291866052478,kirakira,sb,78.96,82,79,6.42,-10.46,161.92
71.62977231612996,-76.53870272095524,clyde river,ca,33.8,100,90,14.99,70.47,-68.59
-24.384728006957715,-66.60191278938657,salta,ar,52,87,0,2.24,-24.79,-65.41
66.8044209031103,150.05455810386212,zyryanka,ru,54.48,83,100,10.98,65.73,150.89
60.689890367984475,-143.31618107914147,haines junction,ca,60.96,74,100,2.24,60.75,-137.51
62.13788362570605,130.99289641266813,borogontsy,ru,59.7,48,96,4.9,62.67,131.17
-10.179053973170497,172.7493029440389,lolua,tv,,,,,,
56.43257758131048,-2.1405721969781837,johnshaven,gb,48.67,81,33,8.05,56.79,-2.34
-4.2633799279217754,-44.77441249109165,bacabal,br,74.46,92,100,1.36,-4.23,-44.78
-0.16310949152239118,143.01314810541425,aitape,pg,84,65,91,1.1,-3.15,142.36
49.16895776789039,129.30151214082798,raychikhinsk,ru,61.32,96,95,6.73,49.8,129.4
14.49503658273558,64.2604508061074,mangrol,in,92.28,40,1,5.99,25.33,76.51
-21.406942562883472,19.747162439659462,gobabis,na,42.8,33,0,2.24,-22.45,18.97
26.22345932089594,-112.73412252841814,mulege,mx,89.04,51,55,7.72,26.88,-111.98
4.4935289902660145,102.7599717525988,jerantut,my,74.28,94,100,0.45,3.94,102.37
-0.17282513556968127,139.55809538950848,vanimo,pg,80.76,78,100,5.01,-2.67,141.3
65.07435158794505,174.73792173972356,anadyr,ru,55.18,71,0,8.95,64.73,177.51
79.20784334605688,28.38077343014581,mehamn,no,43.5,96,99,5.3,71.03,27.85
-42.34497671938743,-46.92293199262332,rocha,uy,48,77,50,16.04,-34.48,-54.34
46.381267932317854,145.12694754324082,novikovo,ru,58.98,93,29,6.08,51.15,37.89
54.17096419205487,136.9314370478346,chumikan,ru,60.06,65,88,6.38,54.72,135.31
-14.134074546996231,149.49059945277816,samarai,pg,73.74,87,99,5.79,-10.62,150.67
-12.66223158740479,43.13759810673636,fomboni,km,77.34,71,0,15.48,-12.28,43.74
85.18190557860095,155.31822160507397,chokurdakh,ru,42.78,80,100,9.8,70.62,147.9
14.374343416781329,-83.61554409661657,puerto cabezas,ni,86,84,75,9.17,14.04,-83.39
62.048237024115764,117.81178315370352,suntar,ru,54.12,49,7,10.49,62.16,117.65
-50.899045091264895,-53.79395914426746,necochea,ar,39.99,89,92,8.01,-38.55,-58.74
-62.796088195228435,178.68747430212431,kaitangata,nz,55,72,67,1.99,-46.28,169.85
-24.11519137761195,40.57732653266439,toliary,mg,,,,,,
-10.088889727967967,-78.14522613186486,huarmey,pe,63.12,89,19,21.3,-10.07,-78.15
46.67374517188156,80.60598247616349,urdzhar,kz,,,,,,
53.638177705243294,-7.80110112850835,longford,ie,46.99,99,69,2.91,53.73,-7.8
-30.153794928223604,15.261437829205875,oranjemund,na,56.46,75,0,14.79,-28.55,16.43
-22.51301430104519,147.4343585932275,moranbah,au,68.7,56,2,15.01,-22,148.04
-36.747909454712506,153.89533951981912,kiama,au,54.55,66,75,8.05,-34.67,150.86
-37.8656473011009,-45.6604579603933,rio grande,br,48.72,81,52,5.82,-32.03,-52.1
14.371652557222362,-74.49750076199498,santa marta,co,89.6,59,75,11.41,11.24,-74.21
46.74733645153421,28.659122758405545,cimislia,md,68,88,0,2.24,46.52,28.78
14.274057445879876,4.802413243057487,illela,ne,,,,,,
49.211704564589326,-124.48976821410973,parksville,ca,67.44,72,75,4.7,49.32,-124.32
49.2363737714316,67.23748736056655,zhezkazgan,kz,53.6,87,20,13.42,47.8,67.71
61.33301155885411,93.44774131033,severo-yeniseyskiy,ru,74.1,58,16,4.34,60.37,93.04
-20.171515169701962,154.68167253455027,yeppoon,au,68,64,20,8.05,-23.13,150.74
57.194915306064246,156.32959138483017,tigil,ru,60.24,66,97,11.72,57.8,158.67
21.648816144263762,64.85727098295166,ormara,pk,82.74,78,73,4.41,25.21,64.64
-18.10256278699937,72.92686748776742,grand river south east,mu,,,,,,
60.943243211514215,-11.495162263477994,sorvag,fo,,,,,,
59.74737182626373,124.13562353370185,nizhniy kuranakh,ru,50.7,84,97,7.9,58.84,125.49
37.80901729359073,-48.40339358658579,torbay,ca,54.79,100,75,6.93,47.66,-52.73
49.87779928045916,-142.03409805476315,sitka,us,84.99,61,40,5.99,37.17,-99.65
45.30697812934156,-85.57360637152888,traverse city,us,72.79,88,90,4.7,44.76,-85.62
-19.758188681606924,99.93978620853716,palabuhanratu,id,,,,,,
-44.32216011811656,178.35634396081736,waipawa,nz,52,89,94,12.06,-39.94,176.59
5.6042898380462844,100.71473885533248,sungai petani,my,79.99,94,75,3.36,5.64,100.49
-22.984033719970043,-80.37091699856055,marcona,pe,,,,,,
61.384193161010614,158.5113273349225,evensk,ru,50.7,90,99,9.13,61.92,159.24
65.15662096031167,-167.0479459321721,nome,us,79.54,79,1,6.93,30.04,-94.42
78.74872247952518,68.59362610814622,amderma,ru,,,,,,
59.238478659963334,4.438105524952846,visnes,no,49.24,71,91,19.46,59.36,5.22
57.242117536023926,59.8944601359332,verkhniy tagil,ru,59.34,98,100,6.71,57.37,59.96
65.04330137332863,84.42300944273757,krasnoselkup,ru,,,,,,
-2.240297300587656,123.61395113335487,luwuk,id,63.66,93,100,2.08,-0.95,122.79
-24.69460140784929,55.821889753995464,saint-joseph,re,62.47,52,0,11.41,-21.37,55.62
-35.4759097534787,21.760456775036033,george,za,60.8,55,54,12.75,-33.96,22.46
48.45468142076621,102.9547435180524,bulgan,mn,63.3,69,73,3.69,48.81,103.53
-33.010810498149844,138.0154438804804,port pirie,au,48.2,100,90,3.36,-33.18,138.01
-26.18531479889959,130.02036403132973,yulara,au,51.8,37,40,10.29,-25.24,130.99
43.16585294648152,82.05362399360172,yining,cn,76.8,79,54,1.39,29.04,114.56
16.468599627676568,-90.08368920267964,sayaxche,gt,85.26,62,7,2.59,16.52,-90.17
-47.84781340485106,24.151070761487944,plettenberg bay,za,58.44,58,71,5.59,-34.05,23.37
-39.978245578838376,149.92332076764097,lakes entrance,au,47.93,81,83,7.72,-37.88,147.99
63.31603344381827,33.25619782717425,porosozero,ru,50.34,92,3,3.36,62.72,32.71
27.666253588607162,106.89621321294669,zunyi,cn,71.04,68,52,0.31,27.73,106.92
71.0651372810425,33.01473929452308,skalistyy,ru,,,,,,
-10.99784132082992,-170.7174816136629,samalaeulu,ws,,,,,,
40.74495642975137,13.839090131377816,forio,it,77.4,78,0,2.24,40.73,13.86
65.95380081334696,34.04896516737065,umba,ru,50.88,99,100,3.74,66.69,34.34
11.166292584711968,74.50050551475519,kannur,in,77,100,75,2.24,11.88,75.37
37.70937639923031,-101.83359351869397,lamar,us,84.09,37,1,9.17,38.09,-102.62
74.01762325369248,2.4985518232387562,bud,no,42.24,81,100,17.22,62.91,6.91
11.008272604300785,-94.60070293305108,champerico,gt,89.6,62,20,6.93,14.3,-91.92
23.95585726694918,-8.458362495001865,taoudenni,ml,98.76,10,0,8.66,22.68,-3.98
11.357369466075198,77.89053686023021,erode,in,76.8,74,100,4.72,11.33,77.73
45.77382625718701,-8.614133936732571,naron,es,60.73,88,75,5.82,43.52,-8.15
48.54467888299959,-96.21514311723425,grand forks,us,83.8,51,40,10.29,47.91,-97.06
24.38098394705858,-116.25695693644515,guerrero negro,mx,69.42,79,0,19.44,27.97,-114.04
43.212293264722376,-84.11648039667818,owosso,us,77.7,78,1,4.7,43,-84.18
-16.261652282731944,35.459508603676426,mulanje,mw,62.22,87,26,5.68,-16.03,35.5
79.26090378698294,-144.23337155212968,aklavik,ca,60.8,59,40,8.05,68.22,-135.01
53.920301940343364,2.1752353147907115,great yarmouth,gb,51.96,82,0,1.12,52.61,1.73
56.72200960851305,-175.78020378764768,provideniya,ru,48.2,93,90,8.95,64.42,-173.23
20.652629876126895,-86.18227653121713,isla mujeres,mx,87.39,70,75,8.05,21.23,-86.73
-6.168512120415301,42.34748391054126,chake chake,tz,78.96,74,0,14.92,-5.25,39.77
-22.80903618454596,-167.15470265288505,alofi,nu,78.8,74,75,16.11,-19.06,-169.92
-5.328765330255223,160.72483066621203,buala,sb,81.3,81,33,9.44,-8.15,159.59
-67.88346234724915,-18.977523065112138,chuy,uy,52.14,75,79,18.75,-33.69,-53.46
2.5043647937063582,-109.33616326157063,ixtapa,mx,87.04,62,20,10.29,20.71,-105.21
63.242757276456814,-63.737402605087084,pangnirtung,ca,60.8,55,90,13.87,66.15,-65.72
0.1718188386728059,83.32900095148301,hambantota,lk,82.38,83,100,18.75,6.12,81.12
-6.370209559828041,-85.04637575438389,paita,pe,62.6,290,0,11.41,-5.09,-81.11
-33.53106988212391,-52.747263045140826,santa vitoria do palmar,br,49.98,80,71,14,-33.52,-53.37
-35.157288710155484,157.81774899787848,port macquarie,au,55.58,71,46,6.93,-31.43,152.91
34.34895498389436,27.71938862064391,karpathos,gr,71.6,88,0,13.87,35.51,27.21
46.04173046403815,46.6755174269982,zenzeli,ru,77.34,52,10,10.4,45.92,47.05
45.420350206953,106.55185386303333,mandalgovi,mn,70.86,33,100,20.2,45.76,106.27
34.05454513292963,24.384517503787322,pombia,gr,68.79,72,0,6.93,35.01,24.87
-41.37919843836474,124.50397097908376,esperance,au,51.8,76,90,9.17,-33.86,121.89
11.355996934542745,21.741753005997168,am timan,td,80.94,68,94,4.47,11.04,20.28
70.48925364946533,90.5609479695724,talnakh,ru,68,42,0,6.71,69.49,88.39
31.26977564210675,-100.64093082884621,san angelo,us,92.52,32,1,6.93,31.46,-100.44
-6.3935458484740195,21.867336418583875,kananga,cd,70.32,40,53,1.68,-5.9,22.41
48.862474840968076,-56.3320393580627,springdale,ca,46.99,92,100,1.01,49.5,-56.06
42.02026187207122,-113.75394070204875,burley,us,81.86,22,1,8.05,42.54,-113.79
37.37429135007197,78.96805450680483,shache,cn,77,94,0,7,38.42,77.24
34.77928903286663,20.513892613429732,tukrah,ly,,,,,,
-6.385072457084519,25.097148333357154,kabinda,cd,71.76,42,0,3.62,-6.14,24.49
52.57075757280606,157.1356122864317,ust-bolsheretsk,ru,,,,,,
-38.393981192106565,-86.30035747927528,lebu,cl,51.24,69,65,10.56,-37.62,-73.65
61.992181863427135,-144.4333221573899,fairbanks,us,70.47,37,20,5.82,64.84,-147.72
6.9731555960894696,84.682532605581,kalmunai,lk,75,79,100,2.51,7.42,81.82
36.38293971660465,17.999537922307695,locri,it,77.34,83,5,8.05,38.24,16.26
66.40677277391725,-20.630157855675947,skagastrond,is,,,,,,
37.97360349825264,167.4076048041187,severo-kurilsk,ru,43.32,97,100,12.48,50.68,156.12
51.922563487580675,86.09997376749573,gorno-altaysk,ru,52.14,91,0,4.88,51.96,85.96
51.08746737961644,-112.25781306203767,bassano,ca,60.84,43,100,5.99,50.79,-112.47
-14.252018568517201,-69.98110170662842,macusani,pe,35.58,49,34,4.38,-14.07,-70.43
-1.4814880234765582,81.60741364934557,matara,lk,78.24,92,98,8.03,5.95,80.54
70.7394613121813,176.94928528144078,leningradskiy,ru,37.56,96,100,4.79,69.38,178.42
23.699242267877807,-110.74251472187368,todos santos,mx,82.36,61,5,9.17,23.45,-110.23
-25.641540267031672,-154.67792704260154,avera,pf,,,,,,
49.18278584553997,19.98264423832677,zakopane,pl,55.98,81,20,5.82,49.3,19.95
39.68965959863519,115.66128174434766,fangshan,cn,79.12,78,0,4.47,39.75,116.14
46.71291662296974,-121.8296625221465,enumclaw,us,57.92,93,90,4.7,47.2,-121.99
54.3073584685379,159.33831811090005,milkovo,ru,,,,,,
32.75382054827497,109.64875036574574,ankang,cn,71.58,67,96,1.99,32.73,108.99
-16.16563601435996,165.5784197401403,luganville,vu,80.6,78,40,3.36,-15.51,167.18
-41.12861426538793,158.65215881025995,ulladulla,au,49.39,66,75,8.05,-35.36,150.48
-37.78351368823132,9.830819433457208,saldanha,za,55.4,87,51,10.29,-33.01,17.94
56.89616644343195,-111.57635286674437,bonnyville,ca,60.8,55,75,12.75,54.27,-110.74
-40.94173518088482,-73.6968902095339,purranque,cl,45.05,93,90,3.36,-40.91,-73.16
1.6040410912104477,26.344001242957546,kisangani,cd,72.48,76,15,1.01,0.52,25.21
71.43309405824573,-7.263345764409792,klaksvik,fo,44.6,81,40,8.05,62.23,-6.59
50.95771683047161,156.7037173190251,ozernovskiy,ru,43.5,97,100,6.13,51.5,156.52
30.559979090349813,14.283685405397762,bani walid,ly,69.6,66,0,9.13,31.76,14
34.07054827669201,-69.80873802803006,hamilton,bm,76.68,69,40,5.82,32.3,-64.78
53.65687610070694,101.07540472831482,kuytun,ru,60.78,90,100,5.3,54.34,101.51
-36.1451066493194,37.83491723944789,margate,za,54.66,30,6,8.12,-30.86,30.37
-19.30029610966666,11.803574575283648,opuwo,na,51.78,26,0,7.74,-18.06,13.84
67.01558474956963,19.407478632296545,kiruna,se,41,80,8,2.24,67.86,20.23
25.590119954826648,53.815539012133,abu dhabi,ae,86.58,79,0,3.36,24.47,54.37
35.9723486690456,46.17939955488583,saqqez,ir,54.12,52,0,5.26,36.24,46.27
49.41212492590242,-104.80098343800603,weyburn,ca,64.99,54,58,10,49.67,-103.85
16.046060116303863,55.287028901772146,salalah,om,82.4,88,75,5.82,17.01,54.1
33.67107499826828,124.767531988813,huilong,cn,79.68,67,98,1.68,31.15,106.5
54.66806468246574,-115.26427740073139,whitecourt,ca,62.6,48,75,11.41,54.14,-115.68
-11.045878252581673,108.64712091471642,srandakan,id,74.46,87,87,6.98,-7.94,110.25
-9.713494620139713,150.96849475409323,alotau,pg,,,,,,
-5.532553286048852,143.00183022310148,tari,pg,,,,,,
4.5807703762732785,-3.93697649210705,abidjan,ci,78.8,94,20,9.17,5.32,-4.02
-15.14647453669069,-37.69784145172281,canavieiras,br,73.74,84,0,6.49,-15.68,-38.95
-42.08877318724032,76.40092303725174,mahebourg,mu,67.26,93,75,4.7,-20.41,57.7
26.568330116051925,-152.30562510397553,kahului,us,80.76,62,40,5.82,20.89,-156.47
23.065843529096952,115.76219392832934,donghai,cn,80.58,66,91,4.68,34.52,118.76
-36.96654854617431,-58.91687505313351,tandil,ar,44.2,48,20,17.22,-37.33,-59.14
46.737495832862834,58.793182164235844,emba,kz,,,,,,
32.40291116737127,-5.147843601976859,mrirt,ma,,,,,,
56.72245334329543,55.53283158877517,barda,ru,57,98,100,4.59,56.93,55.59
1.1167158376435538,132.72593996302032,manokwari,id,78.6,76,89,5.7,-0.87,134.08
65.80366954009901,153.52972215186605,srednekolymsk,ru,56.82,55,100,12.71,67.46,153.71
67.84769042075652,-52.87707169459115,kangaatsiaq,gl,42.6,81,50,10.29,68.31,-53.46
26.072107731068584,45.88939791444051,riyadh,sa,91.4,16,0,10.29,24.63,46.72
31.48016223928589,-123.51802763882283,lompoc,us,72.12,63,1,19.46,34.64,-120.46
66.06819483409456,29.61086729079136,kuusamo,fi,50,87,0,4.7,65.96,29.19
75.95655562312996,70.9636862402154,yar-sale,ru,68.7,54,0,7.76,66.83,70.83
82.59851529341134,169.3040749307388,pevek,ru,35.4,96,81,12.03,69.7,170.27
8.345430762637847,27.120737127571402,uwayl,sd,,,,,,
-29.897302881916005,1.8623983900330927,luderitz,na,59,62,0,9.17,-26.65,15.16
29.870313964269002,139.60749922009393,shimoda,jp,74.59,88,75,6.93,34.7,138.93
23.933166133095582,11.643607564063359,gat,ly,,,,,,
37.8195632285524,-108.15588779999887,durango,us,81.12,23,1,13.87,37.28,-107.88
-23.250690381700664,-53.47263937994525,loanda,br,71.04,63,93,4.76,-22.93,-53.14
19.076174302515298,106.01125009266798,vinh,vn,78.06,90,100,3.71,18.67,105.69
-18.727380975410867,-71.2725560020463,arica,cl,57.88,82,90,3.36,-18.48,-70.32
29.788835177005936,102.68646540173631,yaan,cn,,,,,,
16.99945058622872,-114.41184992061466,cabo san lucas,mx,80.29,61,5,9.17,22.89,-109.91
-27.69335087256549,176.83482011892136,kaeo,nz,63,95,88,5.99,-35.1,173.78
-18.49767390896504,160.9593781943999,poum,nc,73.74,61,0,7.14,-20.23,164.02
60.17169807502603,-74.29544860257032,iqaluit,ca,44.28,70,20,10.29,63.75,-68.52
-34.85018492616667,134.41990423726395,port lincoln,au,58.26,76,11,9.95,-34.72,135.86
-13.529567592479296,159.07282178991574,honiara,sb,82.4,83,40,2.24,-9.43,159.96
58.86643223609363,-44.18453093827915,nanortalik,gl,36.66,93,88,3.87,60.14,-45.24
24.59967699540546,16.073198021055532,marzuq,ly,,,,,,
17.292100969001652,-66.99023067905571,guanica,us,,,,,,
10.815195715234964,-15.26700536818754,catio,gw,80.76,87,75,14.7,11.28,-15.25
45.00454951163047,0.8645952786718283,perigueux,fr,69.91,83,0,5.82,45.18,0.72
-23.241476735483374,163.9809801266628,poya,nc,71.58,69,0,4.85,-21.35,165.16
9.688230855827697,-82.67082648548475,barranco,pa,69.96,96,87,0.13,9.52,-82.7
2.8355638043232148,-18.95705823322365,goderich,sl,,,,,,
-16.40997132790409,168.44757851048212,lakatoro,vu,78.24,73,0,1.19,-16.11,167.42
-23.284727203986293,146.34179819353648,emerald,au,68,60,27,6.93,-23.53,148.16
48.52499505395812,64.48651858895585,dzhusaly,kz,,,,,,
48.58599135023178,-123.35239175986499,victoria,ca,54.59,100,75,6.93,47.77,-53.22
9.46357075800286,-82.16766365067937,bocas del toro,pa,57.99,62,93,5.41,9.33,-82.25
-48.490837926130126,171.80629598544317,dunedin,nz,53.4,79,83,3.69,-45.87,170.5
-23.11598217653446,174.04145285923784,isangel,vu,77,69,75,2.91,-19.55,169.27
22.530996221123345,33.591164741341004,aswan,eg,91.4,26,0,8.05,24.09,32.9
5.689103804513707,-57.32543934830031,skeldon,gy,74.1,91,36,2.84,5.88,-57.13
42.40592986413617,141.66650981904274,tomakomai,jp,61.18,88,75,8.05,42.65,141.6
45.76901107436038,-53.98122426310525,marystown,ca,54.66,98,99,2.68,47.17,-55.16
-28.22216404848757,144.30007616333063,broken hill,au,51.8,50,0,8.05,-31.97,141.45
50.48725795547921,150.30434864926434,vostok,ru,66.72,72,87,1.61,46.45,135.83
20.48931728535328,-89.30161553240491,tekit,mx,85.96,66,40,9.17,20.53,-89.33
-44.93266478924832,137.69627546868276,portland,au,49.01,90,0,5.99,-33.35,149.98
86.18219647828255,34.35009721645457,vardo,no,51.8,87,75,12.75,70.37,31.11
-37.76430121760969,62.79027391540856,saint-philippe,re,62.29,52,0,11.41,-21.36,55.77
40.4451761331413,-129.50199200228175,fortuna,us,64.4,68,75,17.22,40.6,-124.16
-18.870805118329883,-27.443417288213595,belmonte,br,61.14,98,100,0.78,-26.84,-53.58
64.54170273879404,38.32368739649655,onega,ru,52.14,95,98,5.41,63.91,38.09
41.5243292513328,-80.63793997839761,sharon,us,87.08,58,1,5.82,36.23,-88.82
-24.06535216038219,30.083321037818934,tzaneen,za,37.4,64,0,14.99,-23.83,30.16
-6.7041879090636485,-45.31759491453738,sao raimundo das mangabeiras,br,77.88,57,77,5.95,-7.02,-45.48
-4.361371560656238,128.12059740642172,ambon,id,80.49,88,75,8.05,-3.7,128.18
45.61941244170646,52.06019597552341,shetpe,kz,74.1,56,0,27.54,44.14,52.16
46.34879029054528,-94.5904110196399,brainerd,us,82.87,54,1,4.25,46.36,-94.2
40.74618024596302,-86.25290124113938,logansport,us,86.47,54,1,3.36,40.75,-86.36
-20.726052971735584,132.19854882826445,alice springs,au,48.2,42,0,10.63,-23.7,133.88
63.11105475630819,-15.59880756518612,hofn,is,36.66,68,56,6.2,64.25,-15.21
1.259148667872367,64.92046957514086,thinadhoo,mv,83.46,74,84,9.78,0.53,72.93
-7.574002651297846,-59.26092671050124,jacareacanga,br,77.88,59,0,1.88,-6.22,-57.76
4.0418959742278275,114.16704329057035,miri,my,75.33,88,75,4.7,4.41,114.01
64.22450420002119,14.204008950068811,ostersund,se,40.35,75,15,14.99,63.18,14.64
50.667463421451885,-133.66783658107187,prince rupert,ca,60.8,82,90,6.93,54.32,-130.32
-2.2351047135347386,155.45270940208894,namatanai,pg,79.14,85,81,15.3,-3.66,152.44
-25.717495144114935,173.91103179003778,vao,nc,73.2,79,87,8.46,-22.67,167.48
-21.182415419363963,31.390464028699142,chiredzi,zw,54.3,47,0,2.46,-21.05,31.67
54.558365375357425,-131.86256897134734,ketchikan,us,61.84,72,90,11.41,55.34,-131.65
-46.23958407043796,159.98373845327495,tuatapere,nz,55.99,77,67,3,-46.13,167.69
71.45017078530029,16.72763964916382,andenes,no,43.79,87,0,12.75,69.31,16.12
11.826352784977871,107.74974472915949,da lat,vn,67.44,99,99,2.62,11.95,108.44
32.388204524609165,66.2850700006993,uruzgan,af,64.2,26,0,8.32,32.93,66.63
27.55772840511007,92.94385946101431,rangapara,in,74.28,79,55,2.01,26.82,92.69
-25.20473750324058,149.31869525084443,biloela,au,66.9,54,0,17.02,-24.4,150.51
30.630524986283376,-153.45235758481613,kailua,us,83.7,78,40,10.29,21.39,-157.74
19.92148995936587,85.6601898772596,puri,in,80.6,94,75,4.7,19.8,85.85
-8.934204068956703,118.87795288368432,bima,id,73.74,87,26,3.13,-8.45,118.73
59.47846713130002,-50.79643297872212,paamiut,gl,39.18,86,0,14.79,61.99,-49.67
3.0375448349029455,33.59053395838683,kotido,ug,64.56,91,5,2.17,3.01,34.12
-31.29608530296376,-59.71895123698168,parana,ar,53.11,82,6,6.96,-31.73,-60.52
-0.15851145393330057,-175.17254701566583,vaitupu,wf,,,,,,
34.32999976296993,128.51116822736856,hirado,jp,69.91,100,75,3.36,33.32,129.49
48.29366403934242,-97.0790637395963,grafton,us,83.41,48,20,10.29,48.41,-97.41
-9.017083674965392,-80.9799776062197,chicama,pe,64.4,88,90,9.17,-7.84,-79.15
-27.836280690640415,-58.82448757258534,san lorenzo,ar,51.98,87,0,2.24,-24.73,-65.49
11.44379295326138,43.93730052934049,jibuti,dj,,,,,,
62.374313475092464,171.76993225474774,kamenskoye,ru,,,,,,
33.01427347162294,128.99260553610145,fukue,jp,79.47,88,75,5.82,35.03,136.69
-27.73712711989772,18.710115384459527,karasburg,na,47.46,36,0,5.17,-28.01,18.75
-9.753877090826578,-173.56882908295825,sataua,ws,,,,,,
25.800926957434484,84.0858992291046,chit baragaon,in,,,,,,
42.404007675303205,-69.20993957450688,brewster,us,74.73,78,1,6.93,41.76,-70.08
2.9877981005994343,-80.82396889816877,pizarro,co,79.68,84,84,10.67,4.95,-77.37
44.67749372749324,-21.817269125839204,rabo de peixe,pt,68.88,90,70,8.25,37.8,-25.58
-3.426064182814386,-46.438324016009005,santa ines,br,,,,,,
37.47737268877307,-113.30501013830144,hurricane,us,93.38,11,1,10.29,37.18,-113.29
20.431358344163883,-21.930442558162213,santa maria,cv,75.2,78,75,12.75,16.6,-22.9
67.91625594931708,63.09166295955592,komsomolskiy,ru,68.16,64,66,12.48,67.55,63.78
13.081333850953072,-106.13763036859692,coahuayana,mx,86.16,63,0,1.23,18.62,-100.35
48.38500764001063,130.49374205340337,obluche,ru,,,,,,
28.54006121187065,-11.65590487032162,arrecife,es,70.57,68,75,19.46,28.96,-13.55
51.10786165111983,-102.69690485178833,melville,ca,65.82,45,75,23.04,50.93,-102.81
50.38277362551611,135.70863822862492,gornyy,ru,61.32,93,44,10.45,51.76,48.54
54.933798471687766,6.245199221201915,winsum,nl,52.65,93,61,2.24,53.33,6.52
52.445309021766434,-87.35027608003087,geraldton,ca,80.6,39,75,5.82,49.72,-86.95
49.92480738903993,-54.37857515240387,lewisporte,ca,47.53,100,90,6.93,49.25,-55.06
-35.31622469102585,130.37181569507277,flinders,au,55.02,66,75,8.05,-34.58,150.85
77.30114017294358,30.142758044003443,berlevag,no,45.3,97,100,4.63,70.86,29.09
-9.411306463387675,-79.65342094455369,chimbote,pe,62.76,91,9,16.31,-9.08,-78.59
49.3937545708271,101.50701988068948,moron,mn,69.42,40,92,5.82,47.38,110.32
-19.919533406872134,115.89408311467162,karratha,au,67.62,31,39,10.25,-20.74,116.85
6.998153844651625,133.21300398335683,kloulklubed,pw,78.8,94,90,9.53,7.04,134.26
35.29359526204502,-102.84681428946284,hereford,us,84.6,31,1,21.92,34.82,-102.4
14.021961023658761,116.66438007807187,cabra,ph,85.26,72,100,15.41,13.89,120.05
50.41494396841824,108.35038940348284,krasnyy chikoy,ru,66.18,58,59,4,50.36,108.75
-4.111179122160024,35.33079385232287,dongobesh,tz,60.06,80,0,4.52,-4.07,35.37
45.88136444658255,49.566012038339835,marfino,ru,58.19,87,0,8.95,56.07,37.56
54.74784497036322,74.45657020189142,kalachinsk,ru,60.42,79,99,8.5,55.05,74.58
14.12333004367089,38.550558226385874,aksum,et,62.58,88,80,3.78,14.12,38.72
29.20131324119727,120.82909200713925,linhai,cn,78.75,88,100,1.16,28.86,121.14
57.35122456775136,-113.4193379932252,slave lake,ca,57.2,67,90,13.87,55.28,-114.77
46.10994955420264,-76.17155159844337,maniwaki,ca,73.02,67,4,2.93,46.38,-75.98
35.46508382828915,-62.36886667232693,saint george,bm,76.32,69,40,5.82,32.38,-64.68
40.26164829314558,-112.87378494695136,tooele,us,89.22,20,1,17.22,40.53,-112.3
-18.90325897655576,53.849040305341475,le port,re,62.58,68,0,8.05,-20.94,55.29
23.211219607254705,66.88639472973898,keti bandar,pk,83.64,81,12,10.18,24.14,67.45
24.357026467684136,-14.420668207932295,aguimes,es,71.19,64,40,28.86,27.91,-15.45
66.42515326096219,43.169673416643235,kamenka,ru,66,72,0,7.94,53.19,44.05
11.665294967974887,-76.87253785498083,cartagena,co,77.7,91,61,0.89,9.69,-73.26
-18.721705234826814,40.29751522967669,angoche,mz,68.88,96,0,1.68,-16.23,39.91
-27.19177421479835,146.93996194676208,roma,au,61.32,48,57,9.6,-26.57,148.79
2.744569816274492,79.06896490759141,weligama,lk,82.74,81,100,17.65,5.97,80.42
6.096563243710719,-82.55562443130145,burica,pa,,,,,,
-13.17530496923743,172.83400999793952,sola,vu,81.12,80,12,11.65,-13.88,167.55
14.09496507499803,-15.676244304817743,kaffrine,sn,80.4,67,70,10.76,14.1,-15.55
-0.5610208581948513,17.278045249132077,mbandaka,cd,76.44,77,92,2.39,0.05,18.26
72.51890233790499,104.70816440310188,khatanga,ru,56.28,44,100,9.89,71.98,102.47
12.463323867536218,96.82529939361103,mergui,mm,,,,,,
-44.57096060742329,136.6716673308569,mount gambier,au,54.3,79,49,4.92,-37.83,140.78
-39.2275669988013,177.07788216827066,napier,nz,66,60,100,11.99,-39.49,176.92
51.310984268237576,53.70087733564881,kardailovo,ru,57.9,87,1,3.33,51.54,53.9
24.910819594380143,34.86110634127647,safaga,eg,,,,,,
3.95889839883921,-103.66827882181389,acapulco,mx,87.8,74,75,11.41,16.86,-99.88
56.698437816766045,40.76916159118824,novoye leushino,ru,51.6,97,0,6.04,56.81,40.51
28.066897797156273,-17.58619419674423,santa cruz de la palma,es,66.9,68,90,19.46,28.68,-17.76
47.99200530796486,29.444836480318912,slobidka,ua,68.54,90,92,3,48.42,26.77
-1.3126279799051446,19.509947944370282,inongo,cd,75.9,70,41,2.46,-1.93,18.29
6.651076587245257,101.59658225790866,sai buri,th,75.72,94,100,1.72,6.7,101.62
66.30920532441462,-53.59940183402959,sisimiut,gl,38.46,86,6,11.05,66.94,-53.67
42.87661026353476,1.4610295934818112,foix,fr,64.09,83,0,3.36,42.97,1.61
7.012817668725646,108.51415121160574,bac lieu,vn,,,,,,
61.19969751644436,176.08741765128678,beringovskiy,ru,60.96,48,27,4.81,63.05,179.32
57.70355272859479,89.3430182560059,tyukhtet,ru,59.88,98,25,7.92,56.54,89.31
55.763506578663,45.95585274851112,krasnyye chetai,ru,52.86,94,0,8.19,55.69,46.16
13.66560661354201,-39.30298053759677,porto novo,cv,77,69,20,12.75,17.02,-25.06
-1.4078816624160595,14.960752399327674,ewo,cg,76.98,72,70,8.63,-0.88,14.81
15.269103281210477,-9.745404200742001,nioro,ml,,,,,,
14.30007699557585,-98.89899156141068,pinotepa nacional,mx,,,,,,
-22.247396929063285,-44.16865655668073,quatis,br,61.5,72,45,3.11,-22.41,-44.26
-25.945397850593523,52.752077298017866,saint-pierre,re,62.42,52,0,11.41,-21.34,55.48
-0.3551046449390043,-173.43317572527076,saleaula,ws,,,,,,
50.627897190683655,-69.85131143211215,forestville,ca,59,93,75,6.93,48.74,-69.09
23.668977784176278,-94.57762065720276,nuevo progreso,mx,73.02,95,100,2.3,17.14,-95.05
38.6645960203237,150.2212295337743,nemuro,jp,54.3,97,88,2.73,43.32,145.57
-32.241683171103034,-76.815164969221,valparaiso,cl,49.91,62,0,5.82,-33.04,-71.63
51.233186847299976,134.9110272534091,berezovyy,ru,69.96,49,72,3.31,51.67,135.7
20.57654177017885,-65.39660471839173,loiza,us,,,,,,
34.92697930501595,-115.49292970489904,bullhead city,us,103.51,5,20,18.34,35.15,-114.57
26.234874582630994,31.282168005843346,sohag,eg,84.2,21,0,6.93,26.55,31.7
62.12933357517045,119.80362964570975,verkhnevilyuysk,ru,50.7,65,90,10.33,63.45,120.31
-4.250396984970436,-63.52221748768869,coari,br,78.96,65,6,3.56,-4.09,-63.14
16.591866194211093,95.79170153038325,kyaiklat,mm,78.8,94,90,2.24,16.44,95.73
17.37408422348861,-109.32317600018355,tomatlan,mx,84,59,0,10.16,19.93,-105.25
-36.132917954218556,141.45315172462887,horsham,au,49.62,83,0,3.31,-36.71,142.2
50.49849039191869,129.75565562011695,zavitinsk,ru,60.24,95,90,6.91,50.11,129.44
-37.47547008084359,175.97270806186611,athenree,nz,63.32,89,97,15.01,-37.47,175.92
2.1695929542351564,-40.2800090010804,acarau,br,,,,,,
-18.02315564671686,47.1554043431955,ankazobe,mg,48.2,100,20,1.99,-18.32,47.12
24.63436446481049,-21.81996040609451,los llanos de aridane,es,67.21,68,90,19.46,28.66,-17.92
27.854303193905807,-113.33090197005053,santa isabel,mx,104.23,3,1,16.11,32.63,-115.58
6.340276703493203,-53.12504767168227,iracoubo,gf,73.92,94,95,3.38,5.48,-53.21
-23.507624966363778,-53.144818841436575,cruzeiro do oeste,br,69.42,78,33,4.43,-23.78,-53.07
-21.729455646293843,-34.463898862382734,vila velha,br,79.75,78,40,8.05,-3.71,-38.6
5.267789430645962,62.37840697477077,ugoofaaru,mv,83.1,72,100,8.9,5.67,73
31.4995327276786,-105.72778028236104,praxedis guerrero,mx,98.06,12,20,6.93,31.37,-106.02
15.176135986148438,-89.71771839621918,rio hondo,gt,71.22,82,18,4.25,15.05,-89.58
70.71868418896739,12.624699556625444,gravdal,no,47.55,76,98,19.46,59.79,5.78
69.04844916991357,42.39084064281454,ostrovnoy,ru,49.98,82,54,6.15,68.05,39.51
-1.0986560468454059,120.55662284893702,poso,id,64.74,82,100,0.92,-1.4,120.75
-5.512488464383665,-76.47036063798664,yurimaguas,pe,48.2,310,20,3.36,-5.9,-76.1
-41.71841003552128,-72.1896107878612,puerto montt,cl,42.8,93,90,3.36,-41.47,-72.94
-10.880851045023306,-68.92657203218796,brasileia,br,,,,,,
51.815843634487635,-105.22145861253206,lanigan,ca,62.4,60,76,16.8,51.85,-105.03
11.492627184133639,-126.46410980910323,constitucion,mx,79.79,13,75,5.82,23.99,-104.67
76.95954483333941,-170.19106756803282,lavrentiya,ru,44.04,96,100,4.07,65.58,-170.99
-29.272341582949323,119.25308183827127,northam,au,50,81,0,6.93,-31.65,116.67
42.455555200164724,-11.566043898190088,muros,es,61.86,87,90,10.29,42.77,-9.06
-25.516132069911095,151.58276207360257,bundaberg,au,68.2,72,0,10.29,-24.87,152.35
28.84405249821475,10.491155402078505,nalut,ly,69.42,76,0,13.51,31.86,10.98
24.918742387032637,81.85645397121937,naigarhi,in,89.58,54,96,13.11,24.78,81.78
58.037173348070354,119.41871869106336,chara,ru,55.92,77,87,4.07,56.9,118.26
-1.6953420254863403,30.36849484704058,rwamagana,rw,57.54,71,0,2.95,-1.95,30.43
72.70289501072901,-15.03106759429727,husavik,is,48.2,70,0,3.36,66.04,-17.34
26.175480254063473,21.06700993110229,jalu,ly,74.1,62,0,13.02,29.03,21.55
30.255330186638375,-7.6186526809063935,tarudant,ma,,,,,,
-6.496048255698355,-158.8404479746998,faanui,pf,76.98,82,77,32.1,-16.48,-151.75
4.033767834027799,-4.4215834713381525,jacqueville,ci,78.8,94,20,9.17,5.21,-4.42
42.80895091485783,58.47261783622932,kegayli,uz,,,,,,
-4.043913768292342,116.28945560142449,martapura,id,79.5,84,100,7.2,-3.41,114.85
57.9071081710843,97.78812142270868,oktyabrskiy,ru,57.99,82,0,6.71,55.61,37.97
58.034921893642576,82.4668211396218,podgornoye,ru,63.66,91,50,4.92,57.79,82.64
31.390328809708848,46.711094456674374,dehloran,ir,82.92,14,0,7.99,32.69,47.27
19.68632426337112,-5.003398400098234,araouane,ml,98.4,7,0,7.07,18.9,-3.53
-33.83264423409455,142.36950744245172,mildura,au,51.91,87,90,8.01,-34.18,142.16
58.564022840745395,151.52776475823072,ola,ru,45.66,93,89,8.97,59.58,151.3
42.423394384149475,35.73473652058968,sinop,tr,66.72,72,0,10.92,42.03,35.15
40.59609899243756,15.635551569935643,avigliano,it,68.52,42,0,2.73,40.73,15.72
67.62712791666718,32.3670982352846,zasheyek,ru,48.36,96,96,2.28,67.41,32.55
41.70793507405432,-75.88625996126002,scranton,us,73.8,88,75,4.7,41.41,-75.66
-2.7878171395672666,129.2423503896112,amahai,id,80.01,96,59,7.2,-3.31,129
-29.43191881257311,-59.39402601048394,goya,ar,50.7,80,0,5.41,-29.14,-59.27
-15.54933338434681,171.6405345497909,vila,vu,,,,,,
41.71396187317765,-62.37673686728935,halifax,ca,63,72,75,9.17,44.65,-63.58
44.103580613384565,70.12609943557919,zhanatas,kz,,,,,,
11.8050283707301,-60.201923975273075,scarborough,tt,80.6,69,20,6.93,11.18,-60.73
44.601720076942485,136.24384791622725,plastun,ru,52.86,96,100,3.47,44.76,136.29
-8.186541908439295,144.71175158017627,kerema,pg,77.16,82,95,11.63,-7.96,145.78
5.269945285705518,-23.754272847466723,praia,cv,75.2,73,20,9.17,14.92,-23.51
51.86383269253818,69.65854636405064,makinsk,kz,56.28,93,93,7.4,52.63,70.42
-15.658545130630074,-85.32710993567896,hualmay,pe,62.94,85,24,20.49,-11.1,-77.61
51.015797652979614,-127.39678660308309,port hardy,ca,62.6,77,20,10.29,50.7,-127.42
59.80542271708137,81.16027440015546,kargasok,ru,66.72,74,62,5.61,59.06,80.87
62.473934167099486,154.84551393087054,dukat,ru,66.18,43,98,9.01,62.55,155.55
-37.02968174628942,150.884899312705,batemans bay,au,45.54,65,30,4,-35.71,150.18
56.23187904004743,113.8841611918698,severomuysk,ru,63.12,48,18,7.36,56.17,113.57
44.911820302313686,114.65456794413456,baruun-urt,mn,71.4,41,26,5.08,46.68,113.28
8.470941597226727,116.6521972618558,balabac,ph,82.02,70,100,6.2,7.99,117.06
38.27832809723782,40.00532070101616,ergani,tr,66.7,31,0,3.36,38.27,39.76
35.140849346062595,25.06193176487301,ayia varvara,gr,,,,,,
50.93581199888831,-79.39448271033848,moose factory,ca,73.4,64,1,11.41,51.26,-80.61
32.81446517329486,78.21592523251002,manali,in,32.88,59,0,3.69,32.25,77.19
3.7793189509266227,121.22079318451131,sapa,ph,83.84,83,40,9.17,14.32,120.76
5.185953835081378,-55.51495674418649,onverwacht,sr,77.59,94,40,2.24,5.59,-55.2
22.718745627583544,82.83138460150519,katghora,in,76.98,91,100,2.33,22.51,82.55
7.382192652418581,-34.85705795425716,itarema,br,74.1,89,22,5.68,-2.92,-39.92
47.40776842143018,2.598992480580023,gien,fr,62.19,62,54,10,47.69,2.63
34.82386384079469,3.1100596614527944,birin,dz,,,,,,
28.033600005855362,-88.96971947403706,estelle,us,90.95,52,40,10.29,32.87,-97.01
-11.844938247381961,-65.03584360838846,rodrigues alves,br,80.6,83,0,2.24,-7.74,-72.65
51.943582627954754,97.81809165929297,kungurtug,ru,52.14,64,53,2.15,50.6,97.53
25.67268359138434,-17.711599835603238,arona,es,67.82,68,20,14.99,28.1,-16.68
43.73972721561759,44.64338979006891,mozdok,ru,65.46,66,0,5.75,43.74,44.65
63.251360413587946,1.3809298171484556,maloy,no,42.84,75,100,14.99,61.94,5.11
-7.3869880167085,-33.61192067698437,pitimbu,br,75.2,88,75,8.05,-7.47,-34.81
19.2871163527426,32.14674182705434,marawi,sd,89.4,15,2,9.17,18.48,31.82
-26.567036908611556,118.5028759666489,geraldton,au,53.6,71,0,16.11,-28.77,114.6
7.588720407891756,127.39921128937408,baculin,ph,79.86,70,72,4,7.45,126.58
6.224288597357301,14.232920043331802,meiganga,cm,64.38,92,100,2.91,6.52,14.29
13.813009977006146,48.84165316122781,bosaso,so,90.12,64,33,8.08,11.28,49.18
52.60179601383413,21.637914461527913,wyszkow,pl,56.28,66,0,6.93,52.59,21.46
51.506167860514296,-45.39543108169178,bonavista,ca,51.01,79,100,1.01,48.65,-53.11
41.986484195163854,81.03638749977324,aksu,cn,79.32,36,4,3.29,41.12,80.26
-8.755912712359546,37.36532905885653,mahenge,tz,69.78,75,52,1.97,-8.68,36.72
-12.58739959337116,122.11710220686996,kupang,id,78.8,74,20,13.87,-10.16,123.6
